PlayerName,NFBC_ADP,playerid
Ronald Acuna Jr.,1.76,18401
Fernando Tatis Jr.,2.58,19709
Mookie Betts,3.6,13611
Juan Soto,3.9,20123
Mike Trout,6.1,10155
Gerrit Cole,6.22,13125
Jacob deGrom,6.3,10954
Trea Turner,7.28,16252
Shane Bieber,9.39,19427
Jose Ramirez,10.98,13510
Christian Yelich,11.67,11477
Trevor Story,11.7,12564
Freddie Freeman,12.7,5361
Cody Bellinger,16.07,15998
Trevor Bauer,16.28,12703
Francisco Lindor,17.09,12916
Francisco Lindor,17.09,12916
Yu Darvish,17.14,13074
Lucas Giolito,18.45,15474
Walker Buehler,20.09,19374
Bryce Harper,20.19,11579
Manny Machado,21.63,11493
Aaron Nola,22.39,16149
Adalberto Mondesi,23.26,13769
Bo Bichette,24.47,19612
Luis Castillo,27.37,15689
DJ LeMahieu,28.59,9874
Max Scherzer,28.82,3137
Jack Flaherty,30.57,17479
Kyle Tucker,31.4,18345
Brandon Woodruff,33.79,16162
J.T. Realmuto,34.21,11739
Ozzie Albies,34.44,16556
Nolan Arenado,34.46,9777
Clayton Kershaw,34.8,2036
Eloy Jimenez,34.88,17484
Xander Bogaerts,35.05,12161
Luis Robert,36.44,20043
Corey Seager,37.03,13624
Jose Abreu,37.59,15676
Whit Merrifield,39.44,11281
Zac Gallen,40.62,19291
Tim Anderson,42.06,15172
Anthony Rendon,42.07,12861
Alex Bregman,42.6,17678
Rafael Devers,42.64,17350
Blake Snell,45.12,13543
Kenta Maeda,47.75,18498
Marcell Ozuna,48.43,10324
Starling Marte,50.57,9241
George Springer,50.92,12856
Tyler Glasnow,51.68,14374
Lance Lynn,52.01,2520
Vladimir Guerrero Jr.,55.55,19611
Randy Arozarena,56.99,19290
Pete Alonso,57.82,19251
Aaron Judge,58.29,15640
Josh Hader,58.49,14212
Cavan Biggio,60.72,19252
Corbin Burnes,60.98,19361
Liam Hendriks,61.33,3548
Luke Voit,61.93,14811
Carlos Carrasco,64.72,6632
Zach Plesac,65.72,19979
Sonny Gray,66.06,12768
Max Fried,66.14,13743
Trent Grisham,66.51,18564
Keston Hiura,69.34,20003
Gleyber Torres,70.13,16997
Stephen Strasburg,71.17,10131
Brandon Lowe,71.82,18882
Javier Baez,72.88,12979
Michael Conforto,73.3,16376
Hyun Jin Ryu,74.28,NA
Teoscar Hernandez,75.4,13066
Salvador Perez,76.15,7304
Aroldis Chapman,76.53,10233
Eugenio Suarez,78.6,12552
Ketel Marte,80.55,13613
Edwin Diaz,82.39,sa738152
Edwin Diaz,82.39,14710
Lourdes Gurriel Jr.,83.6,19238
Nick Castellanos,84.12,NA
Yordan Alvarez,84.5,19556
Yoan Moncada,85.04,17232
Jose Berrios,85.1,14168
Kyle Hendricks,85.2,12049
Dinelson Lamet,86.75,17186
Jeff McNeil,86.9,15362
Charlie Blackmon,89.21,7859
Matt Olson,90.16,14344
Raisel Iglesias,91.96,17130
Max Muncy,94.24,13301
Zack Wheeler,94.55,10310
J.D. Martinez,95.61,6184
Austin Meadows,95.86,15672
Framber Valdez,96.34,17295
Will Smith,96.41,19197
Will Smith,96.41,19197
Will Smith,96.41,8048
Will Smith,96.41,8048
Paul Goldschmidt,96.76,9218
Jose Altuve,98.6,5417
Ian Anderson,99.38,19951
Anthony Rizzo,101.07,3473
Nelson Cruz,101.16,2434
Jesus Luzardo,102.17,19959
Dansby Swanson,104.48,18314
James Karinchak,104.73,20151
Alec Bohm,106.33,21618
Dylan Bundy,107.93,12917
Zack Greinke,108.42,1943
Chris Paddack,109.72,20099
Eddie Rosario,111.83,12155
Dominic Smith,112.37,15653
Matt Chapman,113.29,16505
Byron Buxton,114.47,14161
Dylan Moore,115.46,18042
Julio Urias,118.36,14765
Mike Moustakas,119.59,4892
Charlie Morton,121.87,4676
Lance McCullers Jr.,122.21,14120
Ryan Pressly,122.87,7005
Giancarlo Stanton,123.21,4949
Willson Contreras,124.03,11609
Carlos Correa,126.63,14162
Yasmani Grandal,126.89,11368
Joe Musgrove,127.52,12970
Tommy Edman,127.71,19470
Pablo Lopez,128.07,17085
Alex Verdugo,128.9,17027
Kris Bryant,129.83,15429
Tommy Pham,130.01,2967
Wil Myers,130.27,10047
Brad Hand,130.35,9111
Kevin Gausman,131.46,14107
Kenley Jansen,135.71,3096
Eric Hosmer,136.48,3516
Travis d'Arnaud,137.02,7739
Sixto Sanchez,137.07,19680
Marcus Semien,137.8,12533
Kyle Lewis,137.95,19508
Mike Yastrzemski,138.2,14854
Patrick Corbin,138.72,9323
Sandy Alcantara,140.19,18684
Ke'Bryan Hayes,141.82,18577
Ramon Laureano,143.28,17128
Jorge Soler,144.15,14221
Christian Vazquez,147.59,9774
Taylor Rogers,147.69,13449
Jonathan Villar,148.94,10071
Daulton Varsho,150.26,19918
Michael Brantley,152.32,4106
Ryan Mountcastle,152.96,18373
Dylan Carlson,153.47,20126
Josh Bell,155.57,13145
Frankie Montas,156.25,14309
Franmil Reyes,156.31,14566
Anthony Santander,157.58,14551
Victor Robles,158.45,18363
Gio Urshela,160.85,NA
Sean Murphy,160.96,19352
Austin Nola,162.85,15941
Joey Gallo,162.97,14128
Ian Happ,163.98,17919
Didi Gregorius,165.87,6012
Rhys Hoskins,167.01,16472
German Marquez,167.11,15038
Nick Anderson,167.32,18337
Marco Gonzales,167.9,15467
Nick Solak,169.13,19294
Andres Gimenez,169.87,19950
Andres Gimenez,169.87,19950
Gary Sanchez,171.97,11442
Dustin May,172.74,19716
Tyler Mahle,174.62,16358
James McCann,175.15,12859
Devin Williams,175.6,15816
Kirby Yates,177.11,9073
Mike Soroka,179.22,18383
Trey Mancini,179.83,15149
Ha-seong Kim,179.92,sa3011918
Ha-seong Kim,179.92,sa3011918
Ha-seong Kim,179.92,sa3011918
Trevor Rosenthal,183.43,10745
Jake Cronenworth,183.73,18036
David Price,185.24,3184
Clint Frazier,185.58,15983
Max Kepler,186.32,12144
Craig Kimbrel,186.77,6655
Aaron Civale,186.96,19479
Jean Segura,187.31,5933
Alex Colome,188.64,6661
Chris Bassitt,189.51,12304
Kyle Schwarber,190.24,16478
Kyle Schwarber,190.24,16478
Nick Madrigal,191.37,20521
Miguel Sano,193.14,12164
Triston McKenzie,194.43,18000
Josh Donaldson,195.15,5038
Andrew McCutchen,195.99,9847
Dallas Keuchel,196.64,9434
Leody Taveras,196.83,18900
AJ Pollock,197.29,NA
Rafael Montero,197.57,12760
Christian Walker,198.78,13419
Jared Walsh,199.2,18607
Zach Eflin,200.14,13774
Mitch Garver,200.86,15161
Victor Reyes,201.82,15487
Corey Kluber,205.59,2429
Randal Grichuk,207.39,10243
Austin Riley,208,18360
Tony Gonsolin,208.67,19388
Andrew Heaney,209.03,15423
Jesse Winker,210.54,13590
John Means,210.93,16269
Chris Taylor,213.91,13757
Marcus Stroman,214.12,13431
Jorge Polanco,215.9,13152
Drew Smyly,217.37,11760
Jordan Montgomery,218.46,16511
Jameson Taillon,219.79,11674
Justin Turner,219.97,5235
Richard Rodriguez,220.69,13549
Cristian Javier,220.79,17606
David Fletcher,222.46,17992
Jarred Kelenic,222.51,sa3007741
Paul DeJong,223.04,18015
J.D. Davis,223.17,16219
Jose Urquidy,225.18,18413
Brian Anderson,228.23,18289
Eduardo Rodriguez,228.82,13164
Austin Hays,228.89,19363
Andrew Benintendi,229.89,17901
Nathan Eovaldi,231.64,9132
Michael Pineda,232.62,5372
Matt Barnes,233.18,12863
Hunter Dozier,234.61,15117
Shohei Ohtani,234.62,19755
Shohei Ohtani,234.62,19755
Jurickson Profar,234.87,10815
Drew Pomeranz,237.09,11426
Ryan McMahon,238.07,15112
Willi Castro,239.76,17338
Sean Manaea,241.44,15873
Brady Singer,242.68,25377
Zach Davies,243.06,13183
Will Smith,246.66,19197
Will Smith,246.66,19197
Will Smith,246.66,8048
Will Smith,246.66,8048
Ryan Yarbrough,247.13,16502
Buster Posey,247.8,9166
Jeimer Candelario,248.21,13621
Elieser Hernandez,248.89,16933
Raimel Tapia,249.23,14350
Lorenzo Cain,251.37,9077
Gavin Lux,252.45,19955
Jorge Alfaro,253.48,12180
Carson Kelly,253.9,13620
Chris Sale,255.39,10603
Kole Calhoun,256.9,11200
Brandon Nimmo,257,12927
James Paxton,257.55,11828
Garrett Hampson,261.43,19262
Manuel Margot,261.62,14712
Nate Pearson,262.25,20160
Jordan Hicks,262.39,19618
Mark Canha,262.69,11445
Alex Kirilloff,263.29,sa917929
Rowdy Tellez,263.57,15679
Jon Berti,264.01,12037
Kyle Seager,265.63,9785
Mitch Haniger,268.87,14274
Kwang Hyun Kim,268.89,NA
Amed Rosario,269.44,15518
Amed Rosario,269.44,15518
Yasiel Puig,273.5,14225
David Peralta,274.11,2136
Carlos Santana,274.19,2396
Mauricio Dubon,276.03,16530
Greg Holland,279.55,7196
Yadier Molina,280.55,7007
Alejandro Kirk,281.7,22581
Nick Senzel,282.1,19293
Aaron Hicks,282.44,5297
Yuli Gurriel,282.67,19198
Isiah Kiner-Falefa,286.82,16512
Dane Dunning,287.64,19409
Stefan Crichton,289.87,16058
Jake Odorizzi,292.53,6397
Michael Kopech,292.66,17282
Justus Sheffield,293.43,17285
Bobby Dalbec,295.97,19966
Bryan Reynolds,296.59,19326
Eduardo Escobar,297.82,6153
Mike Minor,298.84,10021
Giovanny Gallegos,301.96,14986
Danny Jansen,303.37,16535
Archie Bradley,303.85,12918
Hector Neris,304.73,11804
Griffin Canning,305.83,19867
Taijuan Walker,307.75,11836
Jake Diekman,307.78,5003
Amir Garrett,308.99,14375
Tommy La Stella,310.6,12371
Matthew Boyd,311.07,15440
Mitch Keller,311.53,17594
Joey Wendle,311.77,13853
Wander Franco,312.32,sa3007033
Tarik Skubal,312.58,22267
Scott Kingery,314.94,17975
Avisail Garcia,318.03,5760
Yusei Kikuchi,318.67,20633
Brad Keller,319.59,15734
Yan Gomes,321.63,9627
Domingo German,322.72,17149
Tom Murphy,322.84,13499
Jesus Aguilar,324.22,11342
David Dahl,324.25,13744
Nate Lowe,324.51,19566
Alex Dickerson,324.68,12649
Edwin Rios,326.81,18316
Noah Syndergaard,327.18,11762
Ty France,327.98,17982
Pedro Severino,328.97,14523
Daniel Bard,329.07,7115
Deivi Garcia,330.84,20276
MacKenzie Gore,333.3,sa3005068
Wilson Ramos,334.21,1433
Starlin Castro,336.01,4579
Mark Melancon,336.06,4264
Andrew Vaughn,336.94,NA
Caleb Smith,336.98,14875
Josh Lindblom,337.37,7882
Joc Pederson,338.06,11899
Diego Castillo,339.7,17496
Jose Leclerc,340.11,14524
Wilmer Flores,343.83,5827
Robbie Ray,344.24,11486
Willy Adames,347.53,15986
Joey Votto,353.41,4314
Omar Narvaez,353.47,13338
Adam Eaton,354.06,11205
Spencer Turnbull,354.95,16207
Ryan Jeffers,356.3,24618
Jackie Bradley Jr.,360.03,12984
Adbert Alzolay,361.9,17859
Kolten Wong,363.04,12532
Freddy Peralta,364.2,18679
Willie Calhoun,364.69,17838
Jo Adell,365.94,20220
Justin Upton,366.21,5222
Tejay Antone,367.43,16233
Cesar Hernandez,370.39,10556
Corey Dickerson,371.27,10762
Lucas Sims,373.19,13470
Robbie Grossman,377.97,5254
Robbie Grossman,377.97,5254
Sam Hilliard,379.31,17954
Max Stassi,380.03,10059
Brandon Belt,380.7,10264
Madison Bumgarner,386.45,5524
Oscar Mercado,386.99,16375
Tyler Stephenson,388.33,17988
J.A. Happ,389.71,7410
C.J. Cron,391.59,12546
Hunter Harvey,391.61,15507
Kevin Pillar,392.45,12434
Tanner Houck,394.41,19879
Jordan Romano,394.7,16122
Sam Huff,394.79,NA
Chris Martin,395.41,11847
Michael Lorenzen,396.34,14843
Nick Ahmed,397.37,12147
Jacob Stallings,397.4,13723
Miles Mikolas,397.44,9803
Dylan Cease,398.19,18525
Yimi Garcia,398.3,12095
Casey Mize,399.22,20492
Hunter Renfroe,399.99,15464
Jonathan Schoop,400.48,11265
Spencer Howard,400.84,23252
Luis Arraez,401.48,18568
Evan White,404.88,20078
Franchy Cordero,405.01,14567
Cristian Pache,405.53,19948
Zack Britton,408.63,3240
A.J. Puk,410.01,19343
David Peterson,410.23,20302
Luis Urias,410.44,16622
Miguel Rojas,412.51,7802
Alex Reyes,419.99,15015
Adam Duvall,420.49,10950
Adam Wainwright,422.19,2233
Luke Weaver,422.56,16918
Garrett Richards,424.05,9784
Cal Quantrill,425.68,19312
Michael Chavis,426.18,17321
Carlos Martinez,426.66,11682
Kike Hernandez,427.24,NA
Josh Naylor,427.34,18839
Seth Lugo,428.16,12447
Tanner Rainey,430.24,17610
Niko Goodrum,430.47,12092
JaCoby Jones,431.26,14818
Garrett Cooper,438.09,15279
Evan Longoria,438.17,9368
Austin Slater,438.33,16153
Anthony DeSclafani,440.91,13050
Luis Severino,443.42,15890
Shogo Akiyama,447.67,27461
Colin Moran,449.56,16909
Kurt Suzuki,450.31,8259
Mike Brosseau,450.44,19683
J.P. Crawford,450.58,15491
Jose Iglesias,451.5,10231
Brandon Kintzler,455.17,9939
Jason Heyward,458.11,4940
Andrelton Simmons,460.83,10847
Elvis Andrus,461.15,8709
Anthony Bass,461.29,7982
Myles Straw,462.41,17620
Gregory Polanco,464.59,12907
Renato Nunez,464.65,14503
Joey Bart,465.98,21524
Nico Hoerner,467.67,21479
Elias Diaz,468.53,11680
Jose Quintana,468.67,11423
Blake Treinen,470.39,12572
Josh Fleming,470.74,20418
Maikel Franco,472.3,12179
Reyes Moronta,473.07,14966
Jonathan Hernandez,474.01,17464
Bryan Garcia,475.29,19457
Adrian Houser,475.74,12718
Francisco Mejia,480.13,16403
Francisco Mejia,480.13,16403
Rich Hill,484.9,4806
Cedric Mullins,485.96,NA
Pete Fairbanks,486.79,NA
Carter Kieboom,487.11,19958
Stephen Piscotty,487.23,13367
Alec Mills,487.47,13834
Ross Stripling,487.79,13273
Yandy Diaz,488.83,16578
Emilio Pagan,489.48,14771
Tyler O'Neill,491.48,15711
Martin Maldonado,495.82,6887
Josh Staumont,498.16,18335
Luis Patino,500.2,22815
Trevor Rogers,501.83,22286
Jazz Chisholm,502.39,NA
Tucker Barnhart,503.09,10200
Daniel Ponce de Leon,504.58,16110
Marwin Gonzalez,504.76,5497
Harrison Bader,504.86,18030
Roberto Perez,505.98,2900
Brendan Rodgers,506.75,17907
Luis Torrens,507.2,15905
J.B. Wendelken,507.55,14506
Daniel Hudson,508.31,7146
Jose Trevino,508.52,16725
Adam Frazier,511.76,15223
Chris Archer,512.66,6345
Victor Caratini,512.75,14968
Victor Caratini,512.75,14968
Josh Fuentes,513.1,16885
Orlando Arcia,515.45,13185
Tyler Duffey,515.81,13758
Donovan Solano,515.89,8623
David Bote,515.92,14593
Adley Rutschman,517.25,sa3011643
Merrill Kelly,517.72,11156
Alex Wood,517.92,13781
Kevin Kiermaier,517.97,11038
Emmanuel Clase,518.37,21032
Miguel Cabrera,519.6,1744
Jon Gray,519.69,14916
Yoshi Tsutsugo,519.91,NA
Aaron Bummer,520,16258
Rougned Odor,521.61,12282
Kyle Higashioka,521.76,5517
Edward Olivares,521.94,19698
Brusdar Graterol,523.38,20367
Danny Duffy,523.39,3542
JT Brubaker,524.67,NA
Steven Brault,525.44,15291
Logan Gilbert,530.3,sa3008598
Roman Quinn,530.49,13546
Randy Dobnak,530.66,23798
Khris Davis,531.71,9112
Kohei Arihara,533.03,NA
Pat Valaika,534.54,14885
Kevin Newman,535.65,17696
Michael Wacha,536.06,14078
Kris Bubic,537.21,21455
Chad Pinder,538.49,15191
Nick Pivetta,539.08,15454
Freddy Galvis,541.06,6609
Trevor May,543.32,6398
Chance Sisco,543.49,15694
Jason Castro,545.31,8722
Andrew Knizner,547.07,19514
Matt Manning,547.11,sa917924
Andrew Stevenson,547.9,17932
Kyle Gibson,548.06,10123
Austin Gomber,552.76,16561
Adam Ottavino,552.91,1247
Adrian Morejon,553.95,20039
Rio Ruiz,555.23,14103
Mike Mayers,556.24,15451
Keegan Akin,556.56,19362
Mike Zunino,556.79,13265
Jared Oliva,557.02,19968
Miguel Andujar,557.12,15878
Brandon Crawford,557.86,5343
Gregory Soto,557.87,19677
Vince Velasquez,559.14,11189
Dean Kremer,560.68,19350
Johnny Cueto,560.91,6893
Ji-Man Choi,562.47,5452
Joakim Soria,563.61,6941
Kyle Wright,564.79,19665
Jeter Downs,565.13,sa3004615
Clarke Schmidt,565.67,19899
Antonio Senzatela,566.14,15488
Forrest Whitley,566.4,sa917930
Shin-Soo Choo,569.24,3174
Asdrubal Cabrera,570.09,4962
Masahiro Tanaka,571.99,NA
Jon Lester,572.03,4930
DJ Stewart,572.66,NA
Garrett Crochet,573.07,27463
Rafael Dolis,573.74,4185
Spencer Torkelson,573.77,sa3014504
Matt Shoemaker,575.91,4776
Michael A. Taylor,577.77,11489
Isaac Paredes,579.06,20036
Steven Matz,581.51,13361
Roberto Osuna,582.59,NA
Hanser Alberto,583.32,11902
Austin Barnes,586.67,12158
Brent Suter,586.93,13942
Scott Barlow,587.77,14993
Jeremy Jeffress,587.83,9490
Edward Cabrera,588.92,sa920423
Nomar Mazara,591.01,14553
Justin Dunn,593.09,19268
Rowan Wick,594.32,14646
Tim Locastro,596.22,15124
Nick Wittgren,596.59,15594
Vidal Brujan,598.23,NA
Anderson Tejeda,599.99,19909
Patrick Sandoval,601.3,19447
Brandon Marsh,602.02,sa917944
Ian Desmond,604.99,6885
Kyle Freeland,606.38,16256
Alex Cobb,606.72,6562
Nolan Jones,607.05,NA
Erik Gonzalez,611.06,13369
Austin Romine,611.74,5491
Mitch Moreland,612.68,3086
Julio Rodriguez,614.86,sa3005720
Julio Rodriguez,614.86,sa917669
Luis Garcia,615.17,20391
Luis Garcia,615.17,20391
Luis Garcia,615.17,23735
Luis Garcia,615.17,23735
Luis Garcia,615.17,6984
Luis Garcia,615.17,6984
Chad Green,616.61,15552
Tyler Rogers,617.16,15541
A.J. Minter,618.85,18655
Mike Tauchman,619.51,15274
Corey Knebel,623.46,15010
Chris Flexen,623.84,13896
Travis Shaw,626.34,11982
Joey Lucchesi,628.52,19320
Matt Carpenter,628.53,8090
Jonathan Loaisiga,628.93,19753
Chad Kuhl,629.88,14975
Aristides Aquino,630.78,15482
Matt Wisler,633.37,12804
Brendan McKay,634.92,20186
Logan Webb,635.33,17995
Lewis Brinson,635.99,14352
Jake Bauers,636.51,15194
Anthony Alford,636.87,14329
Jose Alvarado,637.34,17780
Tanner Scott,638.21,17586
Daulton Jefferies,638.62,19345
Joe Jimenez,639.39,15761
Bryse Wilson,639.7,19990
Curt Casali,641.03,12510
Curt Casali,641.03,12510
Andrew Miller,642.08,6785
Brent Honeywell Jr.,642.42,sa828706
Kevin Plawecki,642.84,13807
Jaime Barria,643.42,18356
Dexter Fowler,644.4,4062
Corbin Martin,646.01,19884
Mike Fiers,648.16,7754
Royce Lewis,649.32,sa3004259
Cole Hamels,649.72,4972
Shane McClanahan,650.78,sa3008547
Lou Trivino,650.96,15043
Andrew Knapp,651.57,14942
Josh Jung,652.92,NA
Drew Waters,653.17,sa3004378
Rick Porcello,653.22,2717
Daniel Lynch,653.24,NA
Scott Oberg,655.63,13911
Joe Ross,655.72,12972
Edwin Encarnacion,655.78,2151
Martin Perez,655.9,6902
Michael Fulmer,656.65,13218
Monte Harrison,659.84,17216
Danny Santana,659.98,10322
Shed Long Jr.,661.38,NA
Mychal Givens,661.46,10430
Mike Foltynewicz,662.23,10811
Daniel Vogelbach,665.41,14130
Jose Garcia,666.4,NA
Sean Doolittle,666.82,1581
Matt Moore,666.92,1890
Darwinzon Hernandez,667.69,19848
Pavin Smith,667.7,19892
Tyler Matzek,669.93,10058
Jedd Gyorko,670.23,10816
Brad Miller,671.07,12775
Daniel Johnson,672.34,NA
Brett Gardner,673.1,9927
Carlos Rodon,673.82,16137
Brent Rooker,674.44,19627
Austin Adams,674.51,13801
Leury Garcia,675.18,5913
Keone Kela,675.36,14696
Brandon Workman,676.55,11428
Adam Engel,676.93,15082
Albert Pujols,677.14,1177
Keibert Ruiz,678.8,19610
Reynaldo Lopez,678.95,16400
Jarren Duran,679.6,sa3006786
Jose Urena,679.9,11589
Luis Garcia,680.2,20391
Luis Garcia,680.2,20391
Luis Garcia,680.2,23735
Luis Garcia,680.2,23735
Luis Garcia,680.2,6984
Luis Garcia,680.2,6984
Joely Rodriguez,680.57,11487
Jonah Heim,680.75,16930
Josh Harrison,681.66,8202
Kevin Ginkel,681.9,19876
Josh Rojas,683.66,19734
Bradley Zimmer,683.67,16221
Tyler Chatwood,684.71,4338
Yolmer Sanchez,684.75,11602
Josh Lowe,686.13,sa917926
Lewin Diaz,686.59,18365
Shane Greene,687.23,10756
Demarcus Evans,687.32,21087
Ryan Braun,687.78,3410
Jesse Hahn,688.06,13287
Trevor Williams,691.37,16977
Daniel Norris,691.71,13475
Austin Voth,692.59,15047
Ender Inciarte,694.33,4922
Johan Camargo,694.47,14950
Willians Astudillo,694.52,15608
Connor Brogdon,695.56,21205
Adam Haseley,696.3,19878
Kendall Graveman,696.49,15514
Logan Allen,697.2,18555
Cole Tucker,697.43,17326
Trevor Larnach,697.43,sa3008376
Pierce Johnson,697.69,13435
Pedro Baez,697.81,5420
Isan Diaz,698.48,17922
Jake Cave,700.74,14477
Josiah Gray,700.87,sa3007475
Jake Arrieta,701.06,4153
Eric Lauer,702.1,19316
Jake McGee,702.11,7550
Jake Lamb,702.37,13329
Brett Anderson,702.56,8223
Nicky Lopez,702.75,19339
Wade Miley,702.86,8779
Austin Hedges,702.95,12976
Brailyn Marquez,703.51,21896
Tomoyuki Sugano,703.71,NA
Dee Strange-Gordon,704.26,NA
Abraham Toro,704.82,19844
Jacob Nottingham,704.98,16448
Enoli Paredes,705.08,20447
Lane Thomas,705.51,16939
Genesis Cabrera,705.74,17490
Jose Cisnero,706.69,6399
Kyle Cody,706.76,19686
Aledmys Diaz,708.15,15937
Andres Munoz,709.11,20373
Joe Ryan,709.49,sa3007584
Yusmeiro Petit,709.49,NA
Taylor Ward,709.77,17548
Victor Gonzalez,711.28,16408
Jordan Lyles,711.74,7593
Jordan Balazovic,712.25,sa918017
Hansel Robles,713.51,11801
Jackson Kowar,713.58,sa3008273
Tyler Wade,713.85,15730
JJ Bleday,714.7,sa3011642
Jose Marmolejos,714.9,15767
Seth Beer,715.22,sa3006658
Jake Fraley,715.46,19260
Codi Heuer,715.48,23293
Josh Reddick,715.79,3892
Jose De Leon,716.22,15463
Tony Kemp,716.25,14894
Cam Gallagher,717.01,12981
Magneuris Sierra,717.09,17023
Seth Brown,717.41,18171
Nick Lodolo,717.52,NA
Ronald Guzman,717.52,14388
Tanner Roark,717.79,8753
Phil Maton,718.82,18064
Darin Ruf,719.57,9929
Tom Hatch,720.31,NA
Dom Nunez,721.7,15055
Cesar Valdez,722.05,9013
Manny Pina,722.42,2829
Matt Foster,723.14,19647
Mike Ford,723.27,15585
Mallex Smith,723.54,13608
Stephen Vogt,723.76,5000
Daz Cameron,724.3,18353
William Contreras,724.51,20503
Dakota Hudson,725.26,NA
Brian Goodwin,725.56,12858
Robert Stephenson,725.91,13594
Kolby Allard,726.45,18694
Ryan Helsley,726.91,18138
James Kaprielian,727.48,18331
Khalil Lee,728.07,sa917996
Nick Margevicius,728.54,20395
Taylor Trammell,728.68,sa917943
Felix Pena,728.77,13403
Kyle Crick,728.89,13182
Bobby Witt Jr.,729.31,NA
Austin Allen,729.79,18083
Delino DeShields,729.82,11379
John Gant,729.83,13684
Chase Anderson,730.47,6895
Grayson Greiner,730.7,17062
Tyler Beede,730.9,16981
Josh James,731.01,16794
Julio Teheran,731.13,6797
Luis Campusano,731.17,22217
Chad Wallach,731.33,17161
Yohan Ramirez,731.9,19444
Chas McCormick,732.52,sa3004174
Anibal Sanchez,733.07,3284
Jeff Hoffman,733.11,17432
Chris Stratton,733.39,13761
Harold Castro,733.4,14691
Evan Marshall,734.25,12297
Tyler Flowers,734.28,9134
Jhoan Duran,734.41,sa873347
Christian Arroyo,734.49,16434
Phillip Evans,734.66,12950
Ty Buttrey,734.99,14719
Sam Haggerty,735.16,18054
Oneil Cruz,735.26,sa917318
Tyler Anderson,735.39,12880
Na Sung-bum,735.4,NA
Tony Watson,735.44,3132
Dellin Betances,735.96,6216
Ryan McBroom,736.11,16524
Matt Strahm,736.16,13799
Yusniel Diaz,736.39,sa912848
Jake Rogers,736.45,19452
Dillon Tate,736.76,17796
Pedro Leon,736.96,NA
Jorge Alcala,737.07,19459
Sergio Romo,737.26,9817
Will Harris,737.35,3192
Zack Collins,737.53,19181
Josh VanMeter,737.67,15170
George Kirby,737.7,NA
Matt Andriese,737.75,12022
Trevor Richards,738.22,19309
Jay Bruce,738.24,9892
Kyle Farmer,738.45,14813
Jason Vosler,738.56,NA
Hirokazu Sawamura,738.89,NA
Nolan Gorman,739.44,NA
Alex Avila,739.93,7476
Richie Martin,739.99,NA
Franklin Barreto,740.34,15519
Tim Lopes,740.43,14137
Christin Stewart,740.63,17714
Michael King,740.64,19853
Yairo Munoz,740.75,16313
Miguel Yajure,740.83,21111
Jonathan India,741.26,NA
Todd Frazier,741.33,785
Jorge Mateo,741.34,17273
Yoelkis Cespedes,741.47,NA
Alex Jackson,741.53,17276
Ramon Urias,741.63,18795
Yoenis Cespedes,741.74,13110
Tyler Naquin,741.78,13359
Alex Young,742,18333
Kyle Zimmer,742.13,14169
Grayson Rodriguez,742.17,NA
Adam Plutko,742.25,15846
Collin McHugh,742.7,7531
Ryan Weathers,742.78,sa3008436
Colton Welker,742.87,NA
Matt Liberatore,742.99,NA
Ryan O'Hearn,742.99,16442
Sherten Apostel,743.01,21794
Julian Merryweather,743.01,16703
Braxton Garrett,743.08,21844
Joe Panik,743.16,11936
Greg Bird,743.18,14131
Cal Raleigh,743.34,sa3008377
John Curtiss,743.36,16128
Tyler Freeman,743.51,sa3004755
Jakob Junis,743.66,13619
Scooter Gennett,743.7,10339
Jeff Samardzija,743.7,3254
Jahmai Jones,743.72,18872
Keynan Middleton,743.95,15264
Albert Almora Jr.,744.02,14109
Triston Casas,744.33,NA
Luis Guillorme,744.49,16451
Eric Sogard,744.51,7927
Jordan Luplow,744.79,16424
Sheldon Neuse,744.86,19635
Homer Bailey,744.89,8362
Cory Abbott,744.9,sa3005305
Ka'ai Tom,745.22,sa875069
Cole Sulser,745.34,15256
Matt Beaty,745.36,17710
Billy Hamilton,745.47,10199
Jordan Weems,745.59,13190
Heliot Ramos,745.6,sa3004693
Bryan Abreu,745.63,16609
Oscar Colas,745.7,NA
Justin Verlander,745.78,NA
James Hoyt,745.79,14605
Travis Blankenhorn,745.8,18395
Jarlin Garcia,745.85,18282
David Robertson,745.89,8241
Brooks Raley,745.94,10061
Jose Peraza,745.97,13593
Grant Holmes,745.98,sa828669
Burch Smith,746.18,12784
Ryan Brasier,746.28,5615
Ryan Borucki,746.29,16350
Robinson Chirinos,746.43,3142
Jairo Diaz,746.43,12774
Jesus Sanchez,746.55,19913
Luis Medina,746.56,NA
Cody Stashak,746.68,18088
Michael Perez,746.69,12977
Bobby Bradley,746.74,17278
Kristian Robinson,746.76,NA
Anthony Kay,746.81,20387
Ehire Adrianza,746.83,8418
Erick Fedde,746.87,17425
Yu Chang,746.88,NA
Chris Owings,746.89,10030
Zach McKinstry,746.97,19392
Jaylin Davis,747.07,19552
Mike Clevinger,747.2,NA
Nick Markakis,747.21,5930
Tyrone Taylor,747.27,13675
Scott Moss,747.32,sa738902
Steven Souza Jr.,747.34,5667
Daniel Murphy,747.34,4316
Austin Martin,747.35,NA
Buck Farmer,747.36,14814
Taylor Clarke,747.37,17611
Jose Castillo,747.47,17169
Josh Tomlin,747.48,9388
Simeon Woods-Richardson,747.57,NA
Hyeon-jong Yang,747.6,NA
Nick Heath,747.63,19577
Owen Miller,747.67,sa3006673
Derek Holland,747.68,4141
Sam Delaplane,747.7,sa3004222
Marco Luciano,747.7,NA
Peter Solomon,747.89,NA
Derek Fisher,747.9,16192
Zac Lowther,747.9,sa915645
Greg Allen,747.94,16623
Greg Allen,747.94,16623
Devin Smeltzer,747.99,19487
Jason Adam,748.02,11861
Jake Marisnick,748.13,11339
Yoshihisa Hirano,748.22,19756
Joe Palumbo,748.25,NA
Hunter Greene,748.26,NA
Ryne Stanek,748.29,15947
Ken Giles,748.31,NA
Justin Topa,748.35,15145
Rylan Bannon,748.35,NA
Tyler Ivey,748.36,sa3004574
Blake Taylor,748.36,16418
Tony Wolters,748.39,11470
Blake Cederlind,748.44,20344
Dustin Fowler,748.44,17098
Justin Wilson,748.48,4301
Chris Devenski,748.5,12763
CJ Abrams,748.53,NA
Darren O'Day,748.54,3321
Mike Leake,748.58,10130
Reid Detmers,748.59,NA
Touki Toussaint,748.59,16929
Jonathan Arauz,748.6,20275
Michael Feliz,748.62,11903
Wil Crowe,748.64,19800
Brett Phillips,748.66,14735
Kyle Holder,748.66,sa857840
Jason Kipnis,748.67,9776
Ryan Zimmerman,748.71,4220
Dennis Santana,748.72,17878
Bruce Zimmermann,748.82,20370
Yency Almonte,748.85,15068
Elehuris Montero,748.87,NA
Anthony Misiewicz,748.87,18152
Noe Ramirez,748.91,12800
Tomas Nido,748.95,13755
Dylan Floro,748.99,13394
Jose Martinez,748.99,7996
Jon Duplantier,749.05,19546
Jordan Yamamoto,749.07,17585
Welington Castillo,749.09,3256
Seth Romero,749.11,21333
Yonathan Daza,749.13,15794
Felix Hernandez,749.14,4772
Shane Baz,749.16,NA
Reese McGuire,749.16,15674
Zack Thompson,749.17,NA
Taylor Walls,749.18,sa915802
Luke Jackson,749.21,11752
Yoan Lopez,749.24,17181
Max Meyer,749.27,NA
Edmundo Sosa,749.29,17022
Brian O'Grady,749.32,16729
Jose Osuna,749.32,12937
Thomas Szapucki,749.33,NA
Sam Coonrod,749.33,17264
Trevor Cahill,749.39,6249
Yermin Mercedes,749.4,17423
Joe Kelly,749.43,9761
Wyatt Mathisen,749.45,14555
Asa Lacy,749.45,NA
Yonny Chirinos,749.46,NA
Ljay Newsome,749.47,19942
Andy Young,749.51,19521
Taylor Widener,749.51,19266
Chris Davis,749.56,9272
Chadwick Tromp,749.57,NA
Miguel Castro,749.59,15684
Travis Swaggerty,749.61,sa3007512
Nick Burdi,749.61,NA
Deivy Grullon,749.66,15988
Tyler Alexander,749.7,17735
Alex Vesia,749.72,25007
Miguel Amaya,749.73,sa917354
Caleb Ferguson,749.75,NA
Bailey Ober,749.75,NA
Aaron Schunk,749.76,NA
Joey Cantillo,749.79,NA
Travis Jankowski,749.79,13768
Sam Tuivailala,749.8,NA
C.J. Chatham,749.83,sa873984
Jonathan Lucroy,749.87,7870
Asher Wojciechowski,749.9,NA
Jordan Zimmermann,749.94,4505
Gio Gonzalez,749.96,7448
Cody Ponce,749.96,17920
P.J. Higgins,749.97,sa875573
Robinson Cano,749.97,3269
Drew Rasmussen,749.98,25385
Ervin Santana,750,3200
Tim Peterson,750.01,NA
Phillip Ervin,750.03,14738
Beau Burrows,750.03,18873
Johan Oviedo,750.04,22487
Jacob Webb,750.04,19274
Jerad Eickhoff,750.05,NA
J.B. Bukauskas,750.08,sa829263
Nick Gonzales,750.08,NA
Yerry Rodriguez,750.09,NA
Ryan Tepera,750.09,10291
Melky Cabrera,750.11,4022
Aaron Bracho,750.13,NA
Tyler Clippard,750.14,5640
Ben Gamel,750.17,12160
Brock Holt,750.17,9345
Aramis Garcia,750.19,16925
Austin Pruitt,750.19,15290
Cameron Maybin,750.2,5223
Adonis Medina,750.2,19903
Taylor Williams,750.22,14899
Howie Kendrick,750.24,4229
Tommy Doyle,750.28,21281
Luis Cessa,750.28,13345
Carlos Hernandez,750.28,22713
Jose Briceno,750.29,13151
Brandon Drury,750.3,11615
Jeurys Familia,750.32,5114
Geraldo Perdomo,750.32,sa3003290
Shaun Anderson,750.34,19453
Matt Joyce,750.36,3353
Jed Lowrie,750.36,4418
Duane Underwood Jr.,750.36,14677
Dan Winkler,750.36,12237
DL Hall,750.4,sa3005282
Taylor Hearn,750.41,18325
Zack Burdi,750.42,19159
Alec Bettinger,750.42,sa873670
Ian Kennedy,750.43,6986
Michael Baumann,750.44,sa829681
Nick Gordon,750.44,sa828662
Brice Turang,750.47,sa3008294
Santiago Espinal,750.48,19997
Kyle Nelson,750.49,20515
Grant Dayton,750.49,11203
Ryan Rolison,750.51,sa3008244
Eli Morgan,750.52,sa915827
Tyler Zuber,750.52,20379
Ivan Herrera,750.52,sa3003191
Sam Selman,750.53,13397
Matt Magill,750.55,3950
Tucker Davidson,750.55,19871
Jake Noll,750.56,19703
Jalen Beeks,750.56,NA
Wilmer Difo,750.57,14320
Matt Kemp,750.59,5631
Jimmy Nelson,750.59,10547
Daniel Robertson,750.59,14145
Ryan Vilade,750.6,sa3004256
Carl Edwards Jr.,750.61,13607
Domingo Santana,750.64,10348
Kevan Smith,750.64,12284
Braden Shewmake,750.66,sa3010332
Billy McKinney,750.67,15654
Bubba Starling,750.67,13356
Will Craig,750.68,19267
Jarrod Dyson,750.68,4866
Ronaldo Hernandez,750.69,sa881850
Corey Ray,750.7,sa738510
Carlos Estevez,750.7,14542
Bryan Mata,750.71,NA
Jonathan Stiever,750.71,24584
Brennen Davis,750.71,sa3007876
Shawn Armstrong,750.72,12857
Sean Hjelle,750.72,sa3007989
Haruki Nishikawa,750.74,NA
Jorge Lopez,750.74,14527
Kody Hoese,750.75,NA
Garrett Stubbs,750.75,18067
Estevan Florial,750.75,19151
Ivan Nova,750.75,1994
Greg Garcia,750.75,10951
Sean Newcomb,750.75,16943
Corbin Carroll,750.76,NA
Tyson Miller,750.76,19976
Zach Reks,750.76,sa3004166
Colin Rea,750.77,NA
Emerson Hancock,750.77,NA
Matt Wieters,750.77,4298
Daniel Espino,750.79,NA
Trevor Gott,750.79,15046
Luis Rengifo,750.79,19858
John Brebbia,750.8,12777
Cade Cavalli,750.8,NA
Trent Thornton,750.81,17948
Lucius Fox,750.82,sa914200
Akil Baddoo,750.82,sa917953
Sam McWilliams,750.83,sa829124
Huascar Ynoa,750.83,20468
David Bednar,750.83,19569
Franklin Perez,750.83,NA
Ryan Hendrix,750.83,sa738145
Ethan Small,750.84,NA
Danny Mendick,750.84,18889
Harold Ramirez,750.85,14387
Adolis Garcia,750.85,19287
Kyle Isbel,750.86,sa3006861
Daniel Alvarez,750.86,NA
Mark Mathias,750.86,18032
Rafael Marchan,750.86,21646
Jay Groome,750.86,NA
Jackson Rutledge,750.87,NA
Michael Busch,750.87,NA
Brandon Bielak,750.87,19866
Angel Rondon,750.87,sa917908
Dan Straily,750.88,NA
Bailey Falter,750.89,NA
Chasen Shreve,750.89,10855
Neftali Feliz,750.89,18
Riley Greene,750.89,sa3010694
Cody Reed,750.9,15232
Tommy Kahnle,750.9,11384
Connor Joe,750.9,16572
Lewis Thorpe,750.91,15906
Mickey Moniak,750.91,19956
Blake Parker,750.91,5224
Pablo Sandoval,750.92,5409
Nick Neidert,750.92,18699
Bryce Ball,750.93,NA
Justin Smoak,750.93,9054
Jeffrey Springs,750.93,17677
Vimael Machin,750.93,17684
Andrew Velazquez,750.94,14196
Nick Mears,750.94,25376
Kyle Muller,750.94,sa917931
Wade Davis,750.94,7441
Cesar Puello,750.95,7216
Chris Rodriguez,750.95,NA
Odubel Herrera,750.95,11476
Sean Reid-Foley,750.96,17034
Shelby Miller,750.96,10197
Jhoulys Chacin,750.97,2608
Ashton Goudeau,750.97,15139
Ben Bowden,750.97,sa873701
Tony Santillan,750.98,sa874781
Terrin Vavra,750.98,sa3007643
Luis Gil,750.98,NA
Travis Demeritte,750.98,15958
Braden Bishop,750.99,17806
Kevin Cron,750.99,16211
A.J. Pollock,NA,9256
A.J. Pollock,NA,9256
Nicholas Castellanos,NA,11737
Nicholas Castellanos,NA,11737
Giovanny Urshela,NA,10681
Giovanny Urshela,NA,10681
Enrique Hernandez,NA,10472
Enrique Hernandez,NA,10472
Daniel Johnson Jr.,NA,19643
Daniel Johnson Jr.,NA,19643
Jordan Patterson,NA,15119
Eric Campbell,NA,6938
Brandon Snyder,NA,9856
Joey Meneses,NA,sa604598
Juniel Querecuto,NA,12140
Francisco Pena,NA,8298
D.J. Stewart,NA,17766
D.J. Stewart,NA,17766
Tomas Telis,NA,10067
Dustin Pedroia,NA,8370
Trayce Thompson,NA,9952
Collin Cowgill,NA,7250
Johnny Davis,NA,15830
Brandon Guyer,NA,2636
Ryan Boldt,NA,sa738262
Shed Long,NA,16542
Shed Long,NA,16542
Cedric Mullins II,NA,17929
Cedric Mullins II,NA,17929
Dee Gordon,NA,8203
Zack Granite,NA,15343
Eduardo Nunez,NA,6848
Pete Kozma,NA,2539
Derek Dietrich,NA,10542
Ronny Rodriguez,NA,11875
Yoshitomo Tsutsugo,NA,27459
Yoshitomo Tsutsugo,NA,27459
Terrance Gore,NA,13658
Bruce Maxwell,NA,13866
Pablo Reyes,NA,16357
Keon Broxton,NA,9253
Arismendy Alcantara,NA,10711
Frank Schwindel,NA,15351
Abiatal Avelino,NA,15496
Socrates Brito,NA,12944
Mikie Mahtook,NA,13130
Mac Williamson,NA,14158
Mike Gerber,NA,16115
Eric Thames,NA,3711
Alen Hanson,NA,12926
Tommy Joseph,NA,10349
Erick Mejia,NA,15817
John Andreoli,NA,13012
Rusney Castillo,NA,17016
Matt Davidson,NA,7226
Brian Dozier,NA,9810
Mason Williams,NA,11859
Jose Rondon,NA,14140
Christian Colon,NA,11145
Rosell Herrera,NA,11611
Boog Powell,NA,15103
Corban Joseph,NA,5503
Abraham Almonte,NA,5486
Kean Wong,NA,15994
Dawel Lugo,NA,14713
Patrick Wisdom,NA,13602
Raudy Read,NA,15766
Sam Travis,NA,16263
Lane Adams,NA,10767
Ryan LaMarre,NA,10700
Phil Gosselin,NA,10953
Rajai Davis,NA,3708
T.J. Rivera,NA,12495
Rangel Ravelo,NA,10839
Yasmany Tomas,NA,17171
Josh Thole,NA,9689
Kevin Kramer,NA,17689
Brandon Dixon,NA,15214
Jasrado Chisholm,NA,20454
Jasrado Chisholm,NA,20454
Yonder Alonso,NA,2530
Adrian Sanchez,NA,11338
Gabriel Guerrero,NA,14528
Jim Adduci,NA,6448
Emilio Bonifacio,NA,4054
Nick Martini,NA,12005
Jose  Garcia,NA,23378
Jose  Garcia,NA,23378
Joey Rickard,NA,13277
Jaycob Brugman,NA,14936
Mark Zagunis,NA,16565
Jorge Bonifacio,NA,12174
Wilfredo Tovar,NA,10416
Brandon Barnes,NA,629
Manuel Melendez,NA,sa828329
Charlie Tilson,NA,12983
Jake Elmore,NA,7290
Adeiny Hechavarria,NA,10459
Jack Reinheimer,NA,14938
Xavier Edwards,NA,sa3007018
Max Schrock,NA,17750
Drew Robinson,NA,11761
Gavin Cecchini,NA,17005
Francisco Cervelli,NA,5275
Steve Wilkerson,NA,16041
Shane Robinson,NA,4249
Dylan Cozens,NA,15115
Jesmuel Valentin,NA,14548
Humberto Arteaga,NA,13595
Austin Dean,NA,18288
Hunter Pence,NA,8252
Ramon Flores,NA,11165
Dalton Pompey,NA,12797
Marco Hernandez,NA,13154
Luis Sardinas,NA,13153
Andrew Romine,NA,1159
Carlos Gonzalez,NA,7287
J.T. Riddle,NA,17642
O'Koyea Dickson,NA,12677
Tyler Heineman,NA,13897
Juan Lagares,NA,5384
Kelby Tomlinson,NA,13005
Jacob Robson,NA,sa658804
John Hicks,NA,12547
Robel Garcia,NA,13167
Cristhian Adames,NA,6013
Braxton Lee,NA,16839
Brian Miller,NA,sa915826
JB Shuck,NA,6677
Ryon Healy,NA,15447
Justin Bour,NA,9744
Ryan Cordell,NA,15181
Leonys Martin,NA,11846
Nicky Delmonico,NA,13157
Eric Stamets,NA,13795
David Freese,NA,9549
Lonnie Chisenhall,NA,7571
Rafael Bautista,NA,15769
Matt Szczur,NA,11255
Jacob Hannemann,NA,15644
Richard Urena,NA,16411
Craig Gentry,NA,9571
Jose Pirela,NA,5485
Addison Russell,NA,14106
Logan Morrison,NA,9205
Eric Young Jr.,NA,7158
Yadiel Rivera,NA,11863
Rymer Liriano,NA,4779
Simon Muzziotti,NA,sa917376
Matt Reynolds,NA,13788
Michael Gettys,NA,sa828692
Daniel Descalso,NA,8392
Guillermo Heredia,NA,18721
Adam Jones,NA,6368
Gerardo Parra,NA,8553
Andres Blanco,NA,1907
Carlos Gomez,NA,4881
Jett Bandy,NA,12508
Tyler Saladino,NA,10807
Rob Refsnyder,NA,13770
Dilson Herrera,NA,14335
Matt Hearn,NA,sa918523
Forrest Wall,NA,sa828682
Cody Asche,NA,11997
Ryan Court,NA,12268
Jarrett Parker,NA,11624
Ryan Lavarnway,NA,8879
Cory Spangenberg,NA,12294
Gordon Beckham,NA,9015
Tzu-Wei Lin,NA,14678
Mike Freeman,NA,11241
Ben Zobrist,NA,7435
Wilson Garcia,NA,sa596287
Nick Dini,NA,18206
Ezequiel Carrera,NA,9048
Yangervis Solarte,NA,5352
Tim Federowicz,NA,8609
Gilberto Celestino,NA,sa914313
Matt Duffy,NA,13836
Drew Avans,NA,sa3006937
Steven Kwan,NA,sa3008536
Daniel Palka,NA,14897
Ben Ruta,NA,sa918694
Mark Payton,NA,16042
Jung Ho Kang,NA,17182
Alejandro De Aza,NA,3371
Johneshwy Fargas,NA,sa737941
Alan Trejo,NA,sa3002726
Tyler Austin,NA,11850
Rob Brantly,NA,10655
Jon Jay,NA,5227
Tony Renda,NA,13443
Taylor Davis,NA,12782
Hanley Ramirez,NA,8001
Travis Jones,NA,sa829805
Ildemaro Vargas,NA,13324
Stephen Wrenn,NA,sa738419
Michael Reed,NA,13228
Steven Duggar,NA,17719
TJ Friedl,NA,sa943754
Cheslor Cuthbert,NA,10473
Chavez Young,NA,sa918963
Sherman Johnson,NA,13906
Isaac Galloway,NA,5238
Brewer Hicklen,NA,sa3004159
Billy Burns,NA,12701
Kristopher Negron,NA,5306
Danny Woodrow,NA,sa918257
Juan Centeno,NA,7168
Ivan Castillo,NA,sa657222
Vance Vizcaino,NA,sa658828
Chase d'Arnaud,NA,6652
Gabriel Arias,NA,sa3004047
Ben DeLuzio,NA,sa737626
Kyle Garlick,NA,18063
Eli White,NA,19346
Bryce Johnson,NA,sa3004753
Travis Taijeron,NA,11935
Jamie Westbrook,NA,sa737824
Henry Ramos,NA,sa548440
Michael Siani,NA,sa3008182
Gregor Blanco,NA,3123
Drew Ferguson,NA,sa875766
Steve Pearce,NA,9957
Jake Smolinski,NA,5408
Nick Franklin,NA,10166
Aaron Altherr,NA,11270
Dairon Blanco,NA,sa3005386
Mitch Longo,NA,sa874178
Cam Perkins,NA,13444
Brock Stassi,NA,12244
Mason McCoy,NA,sa3002758
Kennys Vargas,NA,12101
Zack Short,NA,sa873287
Brennon Lund,NA,sa857730
Noel Cuevas,NA,11894
Christopher Bostick,NA,13718
Alek Thomas,NA,sa3006892
Anthony Garcia,NA,sa502038
Cal Stevenson,NA,sa3006871
Ramon Torres,NA,14113
Michael Hermosillo,NA,16285
Donovan Casey,NA,sa915654
Jeremy Pena,NA,sa876320
Blake Swihart,NA,13176
Rafael Ortega,NA,10323
Manuel Geraldo,NA,sa827970
Patrick Kivlehan,NA,13910
Alcides Escobar,NA,6310
Cole Peterson,NA,sa3003965
Scott Heineman,NA,14453
Justin Toerner,NA,sa3006735
Taylor Motter,NA,12399
J.J. Matijevic,NA,sa829488
Gorkys Hernandez,NA,4146
Bryan De La Cruz,NA,sa828304
Russell Martin,NA,4616
Carlos Asuaje,NA,15197
Justin Dean,NA,sa3007070
Preston Tucker,NA,13633
Johnny Field,NA,15048
Conner Capel,NA,sa918012
Zach Vincej,NA,13269
Ryan Howard,NA,sa857225
Juan Graterol,NA,5398
Buddy Reed,NA,sa738683
Eric Haase,NA,14111
Eric Haase,NA,14111
Ryder Jones,NA,15982
Carl Chester,NA,sa829813
Danny Espinosa,NA,9219
Mark Reynolds,NA,7619
Chris Sharpe,NA,sa3004726
Jose Lobaton,NA,4243
Jose Azocar,NA,sa735839
Blake Perkins,NA,sa874806
Cameron Rupp,NA,11146
Lucas Duda,NA,2502
Dixon Machado,NA,11472
Brock Deatherage,NA,sa3006848
Lars Nootbaar,NA,sa3006649
Gabriel Maciel,NA,sa919532
Matt Skole,NA,12119
Logan Forsythe,NA,7185
Laz Rivera,NA,sa3004128
Raffy Lopez,NA,12606
Kevin Merrell,NA,sa915707
Erik Kratz,NA,4403
Michael Davis,NA,sa3008248
Eric Filia,NA,sa827359
Eduard Pinto,NA,sa579381
Nate Orf,NA,15407
Jimmy Herron,NA,sa3008183
Wilkin Castillo,NA,5124
Kaleb Cowart,NA,11494
Jesus Sucre,NA,5942
Jeisson Rosario,NA,sa3004146
Steele Walker,NA,sa3008306
Jordy Mercer,NA,6547
Tyler Krieger,NA,sa658994
Jack Lopez,NA,sa598270
Shane Peterson,NA,7423
Josh Stephen,NA,sa918203
Victor Victor Mesa,NA,sa3008602
Drew Weeks,NA,sa602429
Justin Williams,NA,15490
Chad Spanberger,NA,sa3004242
Trenton Brooks,NA,sa873268
Seth Mejias-Brean,NA,13905
Yadiel Hernandez,NA,19334
Ryan Flaherty,NA,7888
Oscar Hernandez,NA,13490
Peter Bourjos,NA,2578
Miles Mastrobuoni,NA,sa918318
Daniel Pinero,NA,sa738204
Matt Adams,NA,9393
Osvaldo Duarte,NA,sa828299
Ruben Tejada,NA,5519
Xavier Fernandez,NA,sa737922
Chad De La Guerra,NA,sa875729
Andrew Toles,NA,13414
Jimmy Kerrigan,NA,sa3005235
Jodd Carter,NA,sa829534
Mark Trumbo,NA,6876
Andy Sugilio,NA,sa828414
Lorenzo Quintana,NA,sa3005394
Jason Krizan,NA,sa546842
Neil Walker,NA,7539
Aldrem Corredor,NA,sa736852
Michael Gigliotti,NA,sa915700
Darnell Sweeney,NA,13284
Luis Aviles Jr.,NA,sa738445
Chase Calabuig,NA,sa3006927
Cal Mitchell,NA,sa3004258
Francisco Arcia,NA,10286
Ryan Goins,NA,9807
Errol Robinson,NA,sa857819
Sean Bouchard,NA,sa915652
Dom Thompson-Williams,NA,sa829483
Carlos Rincon,NA,sa917319
Cornelius Randolph,NA,sa874241
Chris Iannetta,NA,8267
Dillon Thomas,NA,sa597958
Freudis Nova,NA,sa3003195
Alfredo Rodriguez,NA,sa922180
Spencer Kieboom,NA,13300
Drew Maggi,NA,sa549144
Cody Thomas,NA,sa738459
Corey Julks,NA,sa913274
Jacob Rhinesmith,NA,sa3006729
Rocky Gale,NA,10533
Johan Mieses,NA,sa747574
Stone Garrett,NA,sa829117
Alex Blandino,NA,16271
Narciso Crook,NA,sa738300
Kelvin Gutierrez,NA,17468
Esteban Quiroz,NA,sa596560
Michael De Leon,NA,sa823925
Bryant Packard,NA,sa3010590
Oswaldo Cabrera,NA,sa916954
Adam Rosales,NA,9682
Jhonny Pereda,NA,sa735866
Ronald Torreyes,NA,11400
Nick Hundley,NA,3376
Jacob Amaya,NA,sa3005081
Yanio Perez,NA,sa975161
Ryan Casteel,NA,sa549286
Jake McCarthy,NA,sa3007015
Jake Meyers,NA,sa3004621
Eduardo Diaz,NA,sa917182
Mat Batten,NA,sa3004179
Mario Feliciano,NA,sa917954
Casey Golden,NA,sa873997
Cliff Pennington,NA,3395
Brock Lundquist,NA,sa3002834
Luis Liberato,NA,sa737020
Kade Scivicque,NA,sa875053
Diosbel Arias,NA,sa3005308
Bryson Brigman,NA,sa829857
Thairo Estrada,NA,16426
Lazaro Armenteros,NA,sa969091
Ryan Dorow,NA,sa3004295
Aramis Ademan,NA,sa917352
Drew Jackson,NA,17807
Alberto Rosario,NA,7125
Will Benson,NA,sa917927
Orlando Martinez,NA,sa3006664
Malquin Canelo,NA,sa657479
Ryan Fitzgerald,NA,sa3006218
Tyler Neslony,NA,sa918131
LaMonte Wade Jr.,NA,18126
Chris Stewart,NA,3878
Nolan Fontana,NA,13267
Riley Delgado,NA,sa3004934
Jancarlos Cintron,NA,sa3004065
Robbie Glendinning,NA,sa3004978
Bligh Madris,NA,sa3004165
Jeison Guzman,NA,sa914314
Austin Listi,NA,sa3004170
Michael Beltre,NA,sa736945
Charlie Culberson,NA,3298
Blake Trahan,NA,17588
Deven Marrero,NA,13325
Quinn Brodey,NA,sa829783
Mitch Walding,NA,13006
Tyler Friis,NA,sa915593
Matt Thaiss,NA,19318
Breyvic Valera,NA,12758
Trace Loehr,NA,sa829044
Clayton Daniel,NA,sa3007646
Bobby Wilson,NA,6564
Zach Jarrett,NA,sa3002883
Hunter Cole,NA,sa603087
Robbie Podorsky,NA,sa3004066
Jose Devers,NA,sa3003295
Tristen Lutz,NA,sa3004968
Luis Carpio,NA,sa827960
Luke Morgan,NA,sa3006683
Taylor Snyder,NA,sa738930
Jace Peterson,NA,12325
KJ Harrison,NA,sa829382
Matt Lipka,NA,sa548175
Ryan Noda,NA,sa873960
Ray-Patrick Didder,NA,sa736824
Greyson Jenista,NA,sa3007044
Yohel Pozo,NA,sa828445
Nick Maton,NA,sa876186
Aaron Whitefield,NA,19938
Jermaine Palacios,NA,sa828886
Brady Policelli,NA,sa918279
Rene Rivera,NA,3648
Taylor Gushue,NA,sa827360
Steven Baron,NA,9787
Zack Cozart,NA,2616
Michael Stefanic,NA,sa3008479
Brian Serven,NA,sa857231
Camden Duzenack,NA,sa873988
Ben Rortvedt,NA,sa917942
Elier Hernandez,NA,sa659238
Chris Rabago,NA,sa829062
Dominic Miroglio,NA,sa739013
Connor Kopach,NA,sa3006791
Engelb Vielma,NA,15481
Arquimedes Gamboa,NA,sa877497
Jefrey Ramos,NA,sa923039
Elliot Soto,NA,11155
Rodolfo Duran,NA,sa877500
Victor Acosta,NA,sa736917
Jamie Ritchie,NA,sa829058
John Nogowski,NA,16852
Rodolfo Castro,NA,sa917362
Alfredo Gonzalez,NA,14267
Riley Adams,NA,sa829749
Adam Moore,NA,9362
Taylor Kohlwey,NA,sa918457
Joe Dunand,NA,sa3005360
Tuffy Gosewisch,NA,5277
Martin Cervenka,NA,sa492636
Jerar Encarnacion,NA,sa943817
Luis Barrera,NA,sa736690
Griffin Conine,NA,sa876060
Peter Mooney,NA,sa503239
Ernie Clement,NA,sa915732
Jake Hager,NA,sa600840
Jake Gatewood,NA,sa828685
Nick Allen,NA,sa3004723
Jeren Kendall,NA,sa829529
Richie Martin Jr.,NA,17736
Tres Barrera,NA,19977
Brian O'Keefe,NA,sa829152
Tyler Ramirez,NA,sa873260
Brian Rey,NA,sa3007307
Domingo Leyba,NA,16404
David Freitas,NA,10619
Jack Kruger,NA,sa918429
Gavin Collins,NA,sa857219
Taylor Featherston,NA,12590
Omar Estevez,NA,sa914242
Sandro Fabian,NA,sa872803
Kungkuan Giljegiljaw,NA,sa830277
Ryan Grotjohn,NA,sa3003964
Andruw Monasterio,NA,sa830359
Chad Sedio,NA,sa918611
Brett Eibner,NA,11369
Tyler Payne,NA,sa876024
Vince Fernandez,NA,sa873990
Jose Godoy,NA,sa657267
Connor Scott,NA,sa3008080
Alejandro Salazar,NA,sa827937
Luke Burch,NA,sa3003950
Bengie Gonzalez,NA,sa454764
Chuckie Robinson,NA,sa918471
Scott Hurst,NA,sa915819
Cooper Hummel,NA,sa918412
Parker Meadows,NA,sa3007943
Stuart Turner,NA,15207
Rayder Ascanio,NA,sa735861
Jack Mayfield,NA,15402
Jax Biggers,NA,sa3008251
Josh Phegley,NA,9308
Jakson Reetz,NA,sa828796
Nick Ciuffo,NA,16291
Ford Proctor,NA,sa876187
Renae Martinez,NA,sa3004255
Mikey White,NA,sa658966
Heath Quinn,NA,sa737904
Hernan Perez,NA,5751
Brett Cumberland,NA,sa915611
Robert Neustrom,NA,sa3006667
Jacob Heyward,NA,sa738955
Angel Aguilar,NA,sa657323
Leonardo Rivas,NA,sa872542
Logan Warmoth,NA,sa3004813
Connor Myers,NA,sa918641
Erick Salcedo,NA,sa548029
Ronnie Freeman,NA,sa658013
Moises Gomez,NA,sa875163
Ian Miller,NA,15156
Josh Palacios,NA,sa829562
Rene Pinto,NA,sa826668
Sergio Alcantara,NA,16417
Luke Raley,NA,sa918048
Christopher Bec,NA,sa3006727
Micker Adolfo,NA,sa830303
Jhailyn Ortiz,NA,sa920180
Jonathan Davis,NA,15104
Donnie Walton,NA,19314
Ryan Aguilar,NA,sa918712
Ronny Mauricio,NA,sa3006887
Caleb Hamilton,NA,sa738961
Samuel Huff,NA,22209
Samuel Huff,NA,22209
Nick Williams,NA,14330
David Rodriguez,NA,sa735825
Austin Wynns,NA,15271
Tim Beckham,NA,7949
Connor Wong,NA,sa873978
Brendon Davis,NA,sa875089
Dwight Smith Jr.,NA,13473
Wynston Sawyer,NA,sa548430
Luis Gonzalez,NA,20332
Delvin Perez,NA,sa917935
Peter O'Brien,NA,13288
Niko Hulsizer,NA,sa3007053
DJ Peters,NA,sa829712
Jon Rosoff,NA,sa3007635
Tyler White,NA,15564
Tyler Frost,NA,sa915857
Caleb Joseph,NA,7087
Gage Canning,NA,sa3006711
Izzy Wilson,NA,sa877504
Christopher Morel,NA,sa3003171
Matt Whatley,NA,sa915868
Jose Siri,NA,sa736940
Jason Martin,NA,16429
Stuart Fairchild,NA,sa829822
Dustin Peterson,NA,15189
Meibrys Viloria,NA,17109
Roldani Baldwin,NA,sa828313
Gift Ngoepe,NA,10340
Ryan McKenna,NA,sa875055
Max Moroff,NA,14556
Scott Schebler,NA,12225
Gareth Morgan,NA,sa828708
Nick Banks,NA,sa873982
Troy Stokes Jr.,NA,sa828871
Troy Stokes Jr.,NA,sa828871
Payton Henry,NA,sa918019
Demetrius Sims,NA,sa3004390
Bryan Holaday,NA,11287
Jeff Mathis,NA,3448
Chris Shaw,NA,17738
Drew Butera,NA,3411
Yu-Cheng Chang,NA,14773
Alex De Goti,NA,sa919320
Chris Herrmann,NA,9284
MJ Melendez,NA,sa3004139
Chad Tromp,NA,16953
Jason Delay,NA,sa857222
Christian Bethancourt,NA,10028
Blake Rutherford,NA,sa917932
Zach Green,NA,14973
Starling Heredia,NA,sa917328
Zach Ashford,NA,sa3009886
Garrett Whitley,NA,sa874244
Jorge Ona,NA,20040
Keegan McGovern,NA,sa3006710
Ali Sanchez,NA,18551
Kevin Smith,NA,sa915864
Austen Wade,NA,sa3004930
Ronnie Dawson,NA,sa873674
Scott Manea,NA,sa829837
Patrick Mazeika,NA,sa827167
Arden Pabst,NA,sa858812
Nick Fortes,NA,sa3006714
Taylor Jones,NA,19533
Deon Stafford,NA,sa915865
Anthony Bemboom,NA,13854
Henri Lartigue,NA,sa918028
Luke Maile,NA,13355
Beau Taylor,NA,12384
Kramer Robertson,NA,sa857820
Mac James,NA,sa829039
Israel Pineda,NA,sa3004385
Fabian Pena,NA,sa3007303
Johan Cruz,NA,sa736621
Seby Zavala,NA,18887
Sebastian Rivero,NA,sa917021
Ryne Ogren,NA,sa3006726
Marcus Wilson,NA,sa828703
Cadyn Grenier,NA,sa3008140
Jack Larsen,NA,sa3004840
Logan Brown,NA,sa3006938
Luis Alexander Basabe,NA,17839
Sandy Leon,NA,5273
Sandy Leon,NA,5273
Skye Bolt,NA,17723
Chris Okey,NA,sa738505
Sean Rodriguez,NA,6589
Tyler Frank,NA,sa3006660
Erick Castillo,NA,sa658211
Dustin Garneau,NA,9433
Nick Hutchins,NA,sa3004395
Jose Herrera,NA,sa830295
Donny Sands,NA,sa875201
Kellin Deglan,NA,sa548189
Joey Morgan,NA,sa3004032
Greg Deichmann,NA,sa3004977
Derek Hill,NA,16947
Sal Giardina,NA,sa829575
Alex Dunlap,NA,sa3004878
Andrew Susac,NA,13132
Joseph Odom,NA,15535
J.D. Osborne,NA,sa3005053
Julian Leon,NA,sa739577
Connor Lien,NA,sa658195
John Ryan Murphy,NA,10346
Tristan Pompey,NA,sa3008077
Tyler Benson,NA,sa3004398
Austin Bernard,NA,sa3004510
Michael Papierski,NA,sa829203
Alberti Chavez,NA,sa657456
Sean Guilbe,NA,sa3008185
Justin Harrer,NA,sa3007504
Joe Hudson,NA,14412
Nick Meyer,NA,sa3007826
Jake Lowery,NA,sa597837
Mike Rivera,NA,sa829667
Mark Kolozsvary,NA,sa3004996
Tim Tebow,NA,sa323152
Jack Conley,NA,sa3006857
Hyun-Jin Ryu,NA,14444
Kwang-hyun Kim,NA,27458
Peter Fairbanks,NA,17998
Peter Fairbanks,NA,17998
Jonathan Brubaker,NA,17578
David Phelps,NA,6316
Richard Bleier,NA,7803
Andrew Chafin,NA,12988
Paul Fry,NA,15832
Joe Smith,NA,3281
Tim Hill,NA,16814
Ryan Thompson,NA,16647
Riley Smith,NA,19826
Tommy Hunter,NA,1157
Aaron Sanchez,NA,11490
Brett Martin,NA,17369
Craig Stammen,NA,7274
Joseph Palumbo,NA,17035
Caleb Thielbar,NA,10078
Sam Howard,NA,16265
Gerardo Reyes,NA,16306
Tommy Milone,NA,7608
Tyler Webb,NA,14974
Wander Suero,NA,15855
Austin Brice,NA,17237
Alex Claudio,NA,12890
Tyson Ross,NA,7872
Dan Altavilla,NA,16507
Ryan Sherriff,NA,12249
Eric Yardley,NA,15538
Casey Sadler,NA,11209
Ray Black,NA,14244
Andrew Cashner,NA,8782
Jace Fry,NA,16159
Richard Lovelady,NA,19337
Mike Montgomery,NA,4869
John King,NA,22051
Cam Bedrosian,NA,13360
Oliver Perez,NA,1514
Aaron Loup,NA,10343
Kyle McGowin,NA,15071
Wes Benjamin,NA,19243
Adam Cimber,NA,15288
Brandon Brennan,NA,13527
Sal Romano,NA,13690
Josh Taylor,NA,17359
Adam Kolarek,NA,10843
Wandy Peralta,NA,14295
Paul Blackburn,NA,14739
Nate Jones,NA,4696
Jeff Brigham,NA,16631
Cameron Hill,NA,16840
Bobby Wahl,NA,14832
Keury Mella,NA,15964
Jake Newberry,NA,15136
John Schreiber,NA,20020
Phillips Valdez,NA,15605
Travis Lakins,NA,18600
Conner Menez,NA,19199
Shun Yamaguchi,NA,27460
Travis Bergen,NA,18581
Ben Heller,NA,15100
Brad Boxberger,NA,10133
Kyle Finnegan,NA,15009
Nik Turley,NA,5530
Ian Gibaut,NA,17871
Jose Alvarez,NA,5358
Brad Wieck,NA,16390
Kyle Ryan,NA,11753
Ranger Suarez,NA,17277
Ryne Harper,NA,12680
Kyle Keller,NA,18890
Joe Mantiply,NA,14857
Erik Swanson,NA,16587
Brad Brach,NA,6627
Jonathan Holder,NA,16588
Aaron Slegers,NA,15231
Steve Cishek,NA,6483
David Hale,NA,9756
Cole Irvin,NA,19244
Jose Quijada,NA,19200
Chaz Roe,NA,9866
Pedro Strop,NA,4070
Jimmy Herget,NA,17556
Nick Nelson,NA,20153
Cionel Perez,NA,19614
Luke Bard,NA,14288
Sean Poppen,NA,19583
J.P. Feyereisen,NA,16610
Daniel Zamora,NA,17811
Connor Seabold,NA,sa829464
Javier Guerra,NA,17292
Jimmy Cordero,NA,15690
JoJo Romero,NA,19574
Geoff Hartlieb,NA,19558
Steven Wright,NA,8185
Caleb Baragar,NA,19231
Trevor Stephan,NA,sa918441
Scott Alexander,NA,10591
Mitchell White,NA,19225
Robert Gsellman,NA,13696
Zach Pop,NA,sa829370
Ross Detwiler,NA,2859
Colten Brewer,NA,12997
Dany Jimenez,NA,21170
Tyler Kinley,NA,18297
Junior Guerra,NA,5702
Edgar Santana,NA,17355
Humberto Mejia,NA,20739
Bud Norris,NA,9492
Hunter Wood,NA,15091
Heath Hembree,NA,11632
Andrew Kittredge,NA,12828
Taylor Guilbeau,NA,18306
Tyler Phillips,NA,sa875646
Jose Suarez,NA,19911
Rogelio Armenteros,NA,17679
T.J. McFarland,NA,3237
Ronald Bolanos,NA,20041
Zack Godley,NA,14862
Kodi Whitley,NA,19731
Wade LeBlanc,NA,5221
Kelvin Herrera,NA,6033
Robert Dugger,NA,19191
Brett de Geus,NA,sa3006813
Jacob Barnes,NA,12323
Hector Rondon,NA,2391
Dillon Peters,NA,18790
Matt Bush,NA,1246
Brad Peacock,NA,5401
Oliver Drake,NA,8823
Carson Fulmer,NA,18311
Tyler Wells,NA,sa918346
Dillon Maples,NA,14672
Michel Baez,NA,20100
Victor Arano,NA,15915
James Norwood,NA,16440
Chad Sobotka,NA,17470
Jake Woodford,NA,18674
Jorge Guzman,NA,17505
Drew Smith,NA,17755
T.J. Zeuch,NA,19269
Yennsy Diaz,NA,20218
Juan Minaya,NA,10341
Parker Dunshee,NA,sa873274
Robert Stock,NA,6576
Brock Burke,NA,17968
Angel Perdomo,NA,17759
Phillip Diehl,NA,20030
Luis Avilan,NA,2882
Cody Allen,NA,12183
Tony Cingrani,NA,12555
Nick Tropeano,NA,12385
Corey Oswalt,NA,13677
Thomas Hatch,NA,19264
Derek Law,NA,13133
Ben Braymer,NA,20175
Seranthony Dominguez,NA,19249
Colin Poche,NA,19403
Miguel Romero,NA,sa3003109
Tom Eshelman,NA,18361
Will Vest,NA,sa3004101
Isaac Mattson,NA,sa915667
Marcus Walden,NA,8004
Patrick Murphy,NA,19712
Josh Sborz,NA,18323
Edgar Garcia,NA,19276
Joey Gerber,NA,24591
Andre Scrubb,NA,20329
Alex Wells,NA,sa919319
Mac Sceroler,NA,sa915799
Aaron Fletcher,NA,22052
Sam Hentges,NA,sa828881
Dylan File,NA,sa3004197
Josh Osich,NA,11528
Kent Emanuel,NA,sa549399
Kohl Stewart,NA,15502
Paul Campbell,NA,sa3005052
Jose Ruiz,NA,14552
Brandon Morrow,NA,9346
Adam Warren,NA,9029
Fernando Abad,NA,4994
Junior Fernandez,NA,18496
Anthony Banda,NA,14706
Edubray Ramos,NA,16086
Bernardo Flores Jr.,NA,19561
Seth Elledge,NA,19766
A.J. Cole,NA,11467
Ryan Buchter,NA,9456
Ian Hamilton,NA,19261
Garrett Whitlock,NA,sa3005306
Andrew Triggs,NA,13533
Ian Krol,NA,10066
Peter Lambert,NA,17969
David Hess,NA,16130
Rico Garcia,NA,20023
Javy Guerra,NA,7407
Jordan Holloway,NA,20631
Dominic Leone,NA,13763
Ty Tice,NA,sa3004015
Brian Howard,NA,sa918377
Jimmy Lambert,NA,19541
Patrick Weigel,NA,17792
Nick Sandlin,NA,sa3006820
Edwar Colina,NA,20589
Clay Holmes,NA,13649
Garrett Cleavinger,NA,17897
Brooks Kriske,NA,21189
Keegan Thompson,NA,sa918851
Ramon Rosso,NA,20368
Vladimir Gutierrez,NA,sa952977
Kevin McCarthy,NA,15240
Damon Jones,NA,sa3004862
Austin Davis,NA,17117
Antonio Santos,NA,20383
Jose Alberto Rivera,NA,sa3003090
Kyle Dohy,NA,sa3004861
Brandon Bailey,NA,19582
Glenn Sparkman,NA,15200
Joey Wentz,NA,sa917946
Chris Mazza,NA,14151
Spencer Patton,NA,12361
Dedniel Nunez,NA,sa3004203
Silvino Bracho,NA,15051
Dan Otero,NA,7385
Art Warren,NA,18251
Edinson Volquez,NA,3990
Trey Wingenter,NA,17793
Kyle Funkhouser,NA,19456
Joel Payamps,NA,14332
Daniel Gossett,NA,16164
Camilo Doval,NA,sa916835
Wyatt Mills,NA,sa918372
Reggie Lawson,NA,sa917951
Tyler Bashlor,NA,15203
Adam Morgan,NA,12580
Stephen Tarpley,NA,15859
Carlos Sanabria,NA,16634
Johan Quezada,NA,20643
Wandisson Charles,NA,sa874818
Francis Martes,NA,17303
Dereck Rodriguez,NA,14509
Jimmie Sherfy,NA,15118
Albert Abreu,NA,17485
Gabe Speier,NA,17170
Tyler Johnson,NA,sa915688
Arodys Vizcaino,NA,5498
Jeremy Walker,NA,19981
Chi Chi Gonzalez,NA,14663
Roenis Elias,NA,12673
Jason Foley,NA,sa915677
Jacob Waguespack,NA,18318
Brendan McCurry,NA,sa829486
Anderson Espinoza,NA,sa872856
Daniel Castano,NA,19805
Franklyn Kilome,NA,17861
Francisco Liriano,NA,3201
Nivaldo Rodriguez,NA,22449
Tommy Eveld,NA,sa918150
Justin Lawrence,NA,sa875567
Phil Bickford,NA,18519
Sam Gaviglio,NA,12778
Gray Fenter,NA,sa875233
Nolan Blackwood,NA,sa874212
Mike Kickham,NA,11618
Jake Faria,NA,13699
Tim Mayza,NA,15042
Jesse Biddle,NA,11437
Domingo Tapia,NA,12178
Kyle Barraclough,NA,13713
Max Kranick,NA,sa919118
Joe Biagini,NA,13194
Eduard Bazardo,NA,sa873313
Dakota Bacus,NA,14545
Matt Peacock,NA,sa3004019
Jean Carlos Mejia,NA,sa830122
Rex Brothers,NA,9794
Tyler Lyons,NA,11334
Joe Gatto,NA,sa828693
Brandon Waddell,NA,18347
Yacksel Rios,NA,15007
Evan Kruczynski,NA,sa3004341
Humberto Castellanos,NA,21183
Sam Clay,NA,sa828815
Durbin Feltman,NA,sa3007959
Jasseel De La Cruz,NA,sa879559
Jefry Rodriguez,NA,17018
Mauricio Llovera,NA,20080
Scott Blewett,NA,16427
Hector Perez,NA,18592
Andre Jackson,NA,sa829605
Alexander Vizcaino,NA,sa920272
Jose Mujica,NA,17821
Luis Oviedo,NA,sa917344
Mason Thompson,NA,sa917969
Dakota Chalmers,NA,sa875017
Jordan Sheffield,NA,sa738245
Jose Soriano,NA,sa916702
Ryan Castellani,NA,16377
Anthony Gose,NA,5097
